question_id,help_post,conv1,conv2,conv3
1,求助大神，对于偏好关系的三条公理应该怎样理解啊,"
[Human]: 偏好关系的三条公理应该怎样理解呢？
[AI]: 偏好关系的三条公理指的是完全性、传递性和连续性。完全性指消费者对商品有明确的偏好顺序，传递性指如果A商品优于B商品，B商品又优于C商品，那么A商品一定优于C商品，连续性指在某一偏好曲线上存在足够多的点。这三条公理有助于解释消费者的选择行为和市场需求。","[Human]: 我想了解一下，这三条公理是如何影响消费者的选择行为和市场需求的呢？
[AI]: 这三条公理对消费者的选择行为和市场需求产生了深远的影响，主要体现在以下几个方面：
1. **消费者选择行为影响：** 完全性公理要求消费者对商品有明确的偏好顺序，传递性和连续性公理则在一定程度上规范了消费者对商品的选择行为，引导消费者在有限预算下做出理性选择。
2. **市场需求影响：** 这三条公理构成了消费者理性需求的基础，也是维持市场供需平衡的重要条件，通过消费者个体行为的总和影响了整个市场的需求结构和市场均衡价格。
因此，完全性、传递性和连续性公理在消费者的选择行为和市场需求中扮演着重要角色。
""""""","[Human]: 那么，连续性公理对市场需求的影响是怎样的呢？
[AI]: 连续性公理对市场需求的影响主要表现在以下几个方面：
1. **需求曲线的连续性：** 连续性公理要求在某一偏好曲线上存在足够多的点，这意味着消费者在偏好变化时的需求曲线是连续的，而非突变的，有助于市场预测和分析。这种连续性特征影响了市场需求曲线的形态和稳定性。
2. **市场供给的反应：** 连续性公理所要求的连续性特征也对市场供给产生了影响，即供给方在面对消费者需求变化时，会做出相对平稳的反应，而非剧烈波动，维持市场的稳定性和均衡状态。
由此可见，连续性公理对市场需求和供给产生了深刻的影响。
"""""""
2,请假各位大神：对于规模报酬递增的生产技术，其边际产量会存在递减吗？如果所有生产要素的边际产量都存在递减，那么这种生产技术可能是规模报酬递增吗？,"[Human]: 对于规模报酬递增的生产技术，边际产量是否存在递减呢？如果所有生产要素的边际产量都存在递减，那么这种生产技术可能是规模报酬递增吗？
[AI]: 在规模报酬递增的生产技术下，边际产量通常不会存在递减，因为随着生产规模的增加，每增加一个单位的生产要素，总产量的增加速度会超过之前的增量。但需要注意，边际产量是否递减取决于具体的生产函数形式和生产要素的组合。
如果所有生产要素的边际产量都存在递减，那么这种生产技术不可能是规模报酬递增的。规模报酬递增意味着增加所有生产要素的数量会使总产量的增长速度更快，而递减的边际产量表明增加生产要素的边际效益在递减，因此与规模报酬递增相矛盾。","[Human]: 在规模报酬递增的生产技术中，如果边际产量出现递减，那么这种情况可能是由什么因素导致的呢？
[AI]: 如果在规模报酬递增的生产技术中出现边际产量递减，可能是由于生产要素之间存在不完全替代或者生产过程中遇到了递减边际收益的情况。这可能涉及到生产要素的优化配置以及技术效率的变化。","[Human]: 如果一个生产技术的边际产量存在递减，那么在何种情况下会导致规模报酬递增呢？
[AI]: 在一个生产技术的边际产量递减的情况下，要实现规模报酬递增可能需要考虑到生产要素的组合和配置。例如，通过合理调整生产要素的比例或引入新的生产技术，可能会实现规模报酬递增的效果。"
3,一家银行拥有300万美元的超额准备金，它与一家企业签署贷款协议，将这笔准备金贷给该企业，并在该企业的支票账户上增加300万美元，要求该企业承诺在以后三年归还本金并支付利息。如果存款的法定准备金率为20%，这家银行还有多少超额准备金？它应该发放另一笔贷款以减少超额准备金吗？为什么？,"
[Human]: 如果存款的法定准备金率为20％，一家银行拥有300万美元的超额准备金，它应该发放另一笔贷款以减少超额准备金吗？为什么？
[AI]: 根据存款的法定准备金率为20％，银行应该保留超额准备金的80％，即240万美元。由于目前银行拥有300万美元的超额准备金，超过了法定准备金率规定的金额，所以银行应该发放另一笔贷款以减少超额准备金。这样可以更好地利用资金，提高资金利用效率，并且符合银行资金运作的合理性和稳健性。","[Human]: 银行贷出的额外资金是否会对银行资本和准备金率产生影响？如何应对这种影响？
[AI]: 银行贷出的额外资金会对银行资本和准备金率产生影响。一方面，贷出资金会减少银行的可用超额准备金，可能使准备金率下降，影响资金的健康流动。另一方面，贷出资金会增加银行的资产负债表和风险敞口，需要通过风险管理和资产负债管理来应对这种影响，以保证银行的健康运营和风险控制。","[Human]: 银行在贷出额外资金后，如何应对可能出现的流动性风险？
[AI]: 银行在贷出额外资金后，应对可能出现的流动性风险可以采取以下几种措施：
1. **流动性监测：** 银行可以通过流动性监测系统实时监控资金流入流出情况，及时发现可能的流动性压力。
2. **资金调配：** 银行可以通过内部的资金调配机制，将部分资金从其他渠道调入，以应对可能的资金短缺情况。
3. **应急融资：** 银行可以在必要时寻求短期的应急融资渠道，以解决可能出现的流动性困难。
通过以上措施，银行可以有效地应对贷出额外资金后可能出现的流动性风险，保障资金的充足性和安全性。"
4,金融机构存贷款余额怎么算，是金融机构存款余额加上贷款余额还是金融机构本外币存款余额与贷款余额的合计？,"[Human]: 金融机构存贷款余额怎么算，是金融机构存款余额加上贷款余额还是金融机构本外币存款余额与贷款余额的合计？
[AI]: 金融机构存贷款余额的计算通常是指金融机构在一定时期内的存款余额和贷款余额的合计。这包括了金融机构的本币和外币存款余额，以及各类贷款余额的总和。这个指标通常用来评估金融机构的资产和负债结构，反映了金融机构在市场中的资金运作情况。","[Human]: 那么，金融机构存款余额和贷款余额的变化对经济有何影响？
[AI]: 金融机构存款余额和贷款余额的变化对经济有着重要的影响，其中包括但不限于以下几点： 
1. 存款余额增加可能意味着更多资金用于投资和消费，有助于经济增长；而贷款余额的增加则可以提供更多的融资支持，促进企业发展和创新。
2. 但过度增长的存款和贷款余额也可能导致资产泡沫风险，引发金融动荡和不稳定的经济局面。
3. 因此，金融监管机构需要关注并合理引导存款和贷款的发展，以维护金融系统的稳定和促进经济的可持续增长。","[Human]: 那么，金融机构如何管理存款和贷款余额？
[AI]: 金融机构管理存款和贷款余额的方式主要包括但不限于以下几种方法：
1. 利率调控：通过调整存款利率和贷款利率，金融机构可以引导资金流向，控制存贷款规模。
2. 风险管理：金融机构需要实施科学的风险管理制度，确保贷款风险可控，保障存款安全。
3. 资本充足：金融机构需要保持足够的资本充足率，以支持存贷款业务的健康发展。
4. 客户服务：为存款人提供吸引人的存款产品，为贷款人提供合适的贷款方案，促进存款和贷款的健康增长。
经过上述管理措施，金融机构可以更好地平衡存款和贷款余额，维护金融市场的稳定和健康发展。"
5,消费者效用函数可以设为超越对数吗？,"
[Human]: 消费者效用函数可以设为超越对数吗？
[AI]: 是的，消费者效用函数可以设为超越对数形式，这种形式的效用函数在经济学中被广泛应用。超越对数形式的效用函数能够更好地描述消费者对产品的偏好和福利的变化，对经济学分析具有重要意义。","[Human]: 超越对数形式的效用函数有哪些特点？
[AI]: 超越对数形式的效用函数有以下几个特点：
1. **边际效用递减：** 随着消费量的增加，边际效用递减的特点更加符合实际消费者的行为。
2. **对数线性化：** 通过对效用函数进行对数化处理，可以使其更容易进行计算和分析，简化了经济模型的建立和推导。
3. **适用范围广：** 超越对数形式的效用函数适用于许多实际情况，能够较为准确地描述消费者的偏好和福利感受。
综上所述，超越对数形式的效用函数具有边际效用递减、对数线性化和适用范围广的特点。","[Human]: 超越对数形式的效用函数在经济学中有哪些重要应用？
[AI]: 超越对数形式的效用函数在经济学中有多种重要应用，例如在消费行为、福利分析、生产函数的优化等方面都能够提供重要参考。其能够更好地描述消费者的选择行为和福利感受，对经济学理论和政策分析具有重要意义。"
6,证明柯布―道格拉斯生产函数的替代弹性为1,"[Human]: 什么是柯布―道格拉斯生产函数的替代弹性，它为什么被证明为1呢？
[AI]: 柯布―道格拉斯生产函数的替代弹性指的是，当两个生产要素（如劳动和资本）的使用量发生变化时，产出量的变化率。如果柯布―道格拉斯生产函数的替代弹性被证明为1，意味着生产要素之间的替代关系是一对一的线性关系，即劳动和资本的增加对产出的影响是完全均衡的。这一性质在经济学中具有重要的理论和政策意义。","[Human]: 柯布―道格拉斯生产函数的替代弹性为1对经济增长有何影响？
[AI]: 柯布―道格拉斯生产函数的替代弹性为1意味着生产要素之间的替代关系是一对一的线性关系，这对经济增长有着重要影响。具体而言，当生产要素的使用量发生变化时，产出量的变化符合一对一的均衡关系，这对于制定生产要素配置策略、优化生产效率具有重要指导意义。","[Human]: 柯布―道格拉斯生产函数的替代弹性为1对企业的生产经营有何启示？
[AI]: 柯布―道格拉斯生产函数的替代弹性为1意味着生产要素之间的替代关系是线性的，这对企业的生产经营有重要的启示。企业可以根据生产要素的变化，合理调整劳动和资本的比例，以最大化产出。同时，也意味着企业在进行生产要素配置时，需要考虑到替代弹性为1的特性，以实现生产效率的最优化。"
7,请问商业银行的贴现率或者借贷利率为什么会影响债券利率，股票价格，以及市场上的借贷利率？谢谢了,"[Human]: 商业银行的贴现率或借贷利率是如何影响债券利率、股票价格以及市场上的借贷利率的？
[AI]: 商业银行的贴现率或借贷利率对债券利率、股票价格以及市场上的借贷利率都有重要影响：
1. **债券利率：** 商业银行的贴现率或借贷利率的上升会导致债券市场上的利率水平也上升，因为投资者能够获得更高的固定收益，从而推动债券价格走低，利率走高。
2. **股票价格：** 高贴现率或借贷利率意味着公司的融资成本上升，导致股票市场上的公司盈利前景下降，从而影响股票价格表现。
3. **市场上的借贷利率：** 商业银行贴现率或借贷利率的变动会影响整体市场上的借贷利率，因为它们在一定程度上反映了整个市场的融资成本。
综上所述，商业银行的贴现率或借贷利率对债券利率、股票价格以及市场上的借贷利率都有着直接的影响。","[Human]: 商业银行如何确定贴现率或借贷利率？
[AI]: 商业银行确定贴现率或借贷利率时通常会考虑以下几个因素：
1. **中央银行政策利率：** 商业银行通常会参考中央银行的政策利率，如利率上限、降息或加息预期等，来确定自身的贴现率或借贷利率。
2. **货币政策：** 商业银行会考虑到货币政策对经济的影响，如通胀水平、就业情况等，以及中央银行对货币供应量的调控来确定利率水平。
3. **市场利率：** 商业银行也会考虑市场上的资金供求状况和竞争情况，来确定自身的贴现率或借贷利率，以确保资金的吸引力和流动性。
以上因素共同决定了商业银行的贴现率或借贷利率水平。","[Human]: 商业银行贴现率或借贷利率的提高对市场上的借贷利率会产生哪些影响呢？
[AI]: 商业银行贴现率或借贷利率的提高会对市场上的借贷利率产生以下影响：
1. **资金成本上升：** 商业银行提高贴现率或借贷利率会使市场上的借贷成本上升，从而降低了借款人的融资成本，减少了借贷需求，导致市场上的借贷利率上升。
2. **融资活动减少：** 高贴现率或借贷利率可能会抑制企业及个人的投资和消费行为，从而减少了放贷需求，压缩了市场上的借贷活动。
3. **融资结构调整：** 高贴现率或借贷利率会使融资更加偏向于短期融资，而稍微偏离长期融资，可能影响了市场上的融资结构。
综上所述，商业银行贴现率或借贷利率的提高会在市场上产生一系列影响，从而影响了市场上的借贷利率。"
8,生产要素市场上，边际收益产品和边际产品价值有什么不同吗，为什么说在完全竞争市场上二者相等,"[Human]: 边际收益产品和边际产品价值有什么不同？
[AI]: 边际收益产品指的是增加一个单位生产要素所带来的额外产出，而边际产品价值指的是增加一个单位生产要素所带来的额外价值。二者不同在于，边际产品价值考虑了价格因素，而边际收益产品只考虑了产出。 
","[Human]: 在完全竞争市场上为什么说边际收益产品和边际产品价值相等？
[AI]: 在完全竞争市场上，边际收益产品和边际产品价值相等的原因主要是因为竞争的自由进入和退出，导致生产要素的价格等于其边际产品价值。当边际收益产品等于生产要素的价格时，生产者就不再增加或减少生产要素的使用，从而导致边际收益产品和边际产品价值相等。","[Human]: 这种情况下，生产者应该如何最大化利润？
[AI]: 在完全竞争市场上，生产者可以通过增加生产要素的使用量，直至边际收益产品等于生产要素的价格，来最大化利润。这时生产者的生产水平达到了最优状态，边际收益产品和边际产品价值相等，从而实现了利润的最大化。"
9,假设客户自用资金100万元，看多股票A，股票A的折算率为50%，根据公式计算出的保证金比例为80%。不考虑客户的最大额度及佣金费率，客户最多可买入的股票A的市值：(   ),"[Human]: 这个计算保证金比例的公式是如何推导出来的，有哪些因素会影响保证金比例呢？
[AI]: 保证金比例的计算公式通常是由交易所或证券公司根据风险管理和监管要求制定的，主要受到以下因素的影响：
1. **股票折算率：** 股票的折算率会直接影响到保证金比例，折算率越低，保证金比例越高。
2. **市场波动性：** 当市场波动较大时，交易所或证券公司可能会调整保证金比例，以应对风险。
3. **客户信用评级：** 客户的信用评级也会影响保证金比例，信用较好的客户通常可以享受更低的保证金比例。
以上因素会共同影响保证金比例的设定，规定客户可买入的股票市值。
""""""","[Human]: 保证金比例的计算公式中，折算率是如何定义的呢？对折算率的理解有哪些可能的误区？
[AI]: 在保证金比例的计算公式中，股票的折算率通常是指客户购买的股票市值与实际资金之间的比例，折算率越低，代表客户拥有的资金越多，可以购买的股票市值也越高。关于折算率的可能误区包括：
1. **混淆折算率与杠杆比例：** 折算率并非直接等同于杠杆比例，折算率是购买力的量化表达，而杠杆比例涉及资金的借贷和杠杆效应的影响。
2. **忽视折算率波动：** 折算率会随着股价波动而变化，可能会影响客户可买入的股票市值，需及时关注折算率的变化对交易的影响。
综上所述，正确理解折算率的定义及可能的误区，有助于客户更准确地评估自己的交易风险和局限。","[Human]: 保证金比例的计算公式中，除了折算率外，还有哪些因素可能会影响保证金比例呢？
[AI]: 除了折算率外，影响保证金比例的因素还包括股票的市场流动性、客户的风险偏好、市场的杠杆水平等。市场流动性越强的股票，通常对应的保证金比例更低；客户的风险偏好越低，交易所或证券公司可能要求使用更高的保证金比例来控制风险。同时，不同市场的杠杆水平也可能导致不同的保证金比例规定。综上所述，这些因素均可能影响客户最多可购买的股票市值。"
10,通过券商两融做定向增发融资模式的设计有坛友有高见吗？,"
[Human]: 通过券商两融做定向增发融资模式的设计有坛友有高见吗？
[AI]: 通过券商两融做定向增发融资模式的设计涉及到两融业务和定向增发两个领域的交叉，主要考虑以下几个方面：
1. **风险控制：** 如何在两融融资中有效控制股票价格波动和融资风险？
2. **合规监管：** 如何设计融资模式以符合监管要求和规定？同时保障投资者和市场的利益？
3. **市场稳定：** 如何确保融资模式的设计不会对市场造成剧烈波动，维护市场稳定？

以上这些问题需要在两融业务和定向增发融资模式方面进行权衡和设计。","[Human]: 两融融资中如何有效控制股票价格波动和融资风险？
[AI]: 为了有效控制股票价格波动和融资风险，券商可以采取以下措施：
1. 设置融资比例上限，限制融资规模，防止过度杠杆化引起的市场波动。
2. 设定严格的风险警示线和平仓线，及时清算融资头寸，避免融资交易引发的市场风险。
3. 加强交易监管和信息披露，提高市场透明度，避免信息不对称导致的市场不稳定。
综合利用这些措施，可以有效控制股票价格波动和融资风险，保持市场的稳定和健康发展。","[Human]: 想请问，如何确保融资模式的设计不会对市场造成剧烈波动呢？
[AI]: 为确保融资模式的设计不会对市场造成剧烈波动，券商可以考虑以下几点：
1. 制定合理的融资规则和标准，严格控制融资规模，避免过度放大市场波动。
2. 强化信息披露和监管，提高市场透明度，避免信息不对称引发的市场不稳定。
3. 加强风险管理和控制，及时应对市场波动，防范系统性风险。
通过以上措施，可以有效降低融资模式对市场的影响，保持市场的平稳和稳定。"
11,求助！我想分析短期国际资本流动与中国货币流动性之间的关系可以用什么模型，除了var！,"[Human]: 除了VAR模型，还有哪些模型可以用来分析短期国际资本流动与中国货币流动性之间的关系？
[AI]: 除了VAR模型外，您还可以考虑使用VMA模型（Vector Moving Average）来分析短期国际资本流动与中国货币流动性之间的关系。VMA模型在考虑变量之间的动态关系时具有一定的优势，可以帮助揭示宏观经济变量之间的交互作用和影响机制。","[Human]: VMA模型在分析国际资本流动和货币流动性方面的优势主要体现在哪些方面呢？
[AI]: VMA模型在分析国际资本流动和货币流动性方面的优势主要包括：
1. **动态关系：** VMA模型能够捕捉变量之间的动态关系，揭示宏观经济变量随时间演变的过程，有助于理解国际资本流动和货币流动性的动态变化。
2. **脉冲响应：** VMA模型可以通过脉冲响应函数分析冲击传导路径，揭示国际资本流动对货币流动性的影响影响程度和传导途径。
3. **因果关系：** VMA模型能够辨别变量之间的因果关系，从而揭示国际资本流动和货币流动性之间的因果关系和相互影响。
综上所述，VMA模型在分析国际资本流动和货币流动性方面具有较好的优势，有助于深入理解宏观经济关系。","[Human]: 那么，在利用VMA模型分析国际资本流动和货币流动性的过程中，如何确定模型的适用性和参数设定呢？
[AI]: 在利用VMA模型分析国际资本流动和货币流动性时，可以通过以下方式确定模型的适用性和参数设定：
1. **阶数确定：** 可以利用信息准则（如AIC、BIC）或者Ljung-Box检验等方法来确定VMA模型的阶数，以确保模型的有效性和准确性。
2. **模型检验：** 可以对VMA模型进行异方差性、自相关性和残差正态性等方面的检验，以验证模型的拟合效果和参数设定的合理性。
3. **参数估计：** 在确定VMA模型的参数时，可以考虑采用最大似然估计法或广义最小二乘法等方法，确保参数估计的准确性和稳健性。
通过以上方式，可以有效地确定VMA模型在分析国际资本流动和货币流动性时的适用性和参数设定，从而提高模型分析的有效性和可靠性。"
12,若生产函数为：U=K1/2*L1/2，资本和劳动的价格均为1，\r\n（1）资本存量为1时的短期总成本、以及短期边际成本；\r\n（2）求长期总成本、长期边际成本,"[Human]: 若生产函数为：U=K1/2*L1/2，资本和劳动的价格均为1，当资本存量为1时，短期总成本和短期边际成本分别是多少？长期总成本和长期边际成本分别是多少？
[AI]: 根据给定的生产函数U=K^1/2 * L^1/2，以及资本和劳动的价格均为1，我们可以分步计算短期和长期的总成本及边际成本。

首先，短期情况下，资本存量固定为1，即K=1。我们可以通过生产函数求解劳动L的数量，以生产一定量的产出U。

短期总成本（STC）：在短期内，总成本由固定成本（资本的成本）和变动成本（劳动的成本）组成。因为资本的价格为1，资本存量为1，所以固定成本=1。变动成本等于劳动的价格乘以劳动的数量，因为劳动的价格也是1，所以变动成本等于劳动L的数量。因此，短期总成本为STC = 固定成本 + 变动成本 = 1 + L。

短期边际成本（SMC）：边际成本是指增加一单位产出所增加的成本。在短期内，因为资本是固定的，边际成本主要受变动成本的影响，即劳动的增加。由于生产函数的形式，增加的劳动量对产出的增加有着确定的比率，可以通过求导生产函数对L的导数来找到边际成本与产出之间的关系。

接下来，长期情况下，资本K和劳动L都是变量。

长期总成本（LTC）：在长期内，没有固定成本，所有成本都是变动的。因此，长期总成本等于资本和劳动的价格乘以它们的数量的总和，即LTC = K + L。但是，在最优化条件下，资本和劳动的比例将根据生产函数调整，以最小化成本。

长期边际成本（LMC）：长期边际成本是指在产出量增加一个单位时，总成本的增加。在长期内，资本和劳动的比例可以调整，因此，长期边际成本与短期边际成本的计算方式不同。长期边际成本可以通过对长期总成本函数求导得到。

具体数值需要进一步计算，依赖于产出U的具体数量以及资本K和劳动L之间的最优化配比。在实际应用中，这通常需要通过数学优化方法来解决，例如拉格朗日乘数法找到成本最小化时的K和L值。","[Human]: 如何解释在长期内资本和劳动的价格对总成本和边际成本的影响？
[AI]: 在长期内，资本和劳动的价格对总成本（LTC）和边际成本（LMC）的影响是显著的。长期内，企业可以调整资本和劳动的使用量，以响应价格变化，寻求成本最小化的生产方式。

1. **对总成本（LTC）的影响**：资本和劳动的价格上升会直接导致生产相同产出量的总成本增加，因为生产任意产出量所需的资源成本更高。相应地，如果资本或劳动的价格下降，企业可以以较低的成本生产同样的产出量，从而降低总成本。

2. **对边际成本（LMC）的影响**：资本和劳动的价格变化同样会影响边际成本。当资本或劳动的价格上升时，增加一单位产出所需的额外成本（即边际成本）会增加，因为每增加一单位产出所需的额外资本或劳动成本更高。反之，如果资本或劳动的价格下降，那么增加产出的边际成本也会降低。

长期内，企业可能会根据资本和劳动的价格变化调整其生产组合，以利用较便宜的资源。例如，如果劳动成本上升而资本成本相对更低，企业可能会采用更多的资本密集型生产技术，以减少对劳动力的依赖，从而在长期内优化其总成本和边际成本结构。

因此，资本和劳动的价格不仅影响总成本的水平，也影响企业的生产决策和成本结构，促使企业在长期内寻求成本最小化的生产配置。","[Human]: 在考虑长期成本最小化时，如何确定资本和劳动的最优组合？
[AI]: 在长期成本最小化的问题中，确定资本和劳动的最优组合涉及到等量替代率（MRTS, Marginal Rate of Technical Substitution）和输入价格比例之间的匹配。具体来说，我们可以通过以下步骤确定资本和劳动的最优组合：

1. **计算MRTS**：MRTS定义为在生产一定量的产出时，可以互相替代的资本和劳动的边际产品的比率。对于给定的生产函数U=K^1/2 * L^1/2，MRTS可以通过对生产函数求偏导数（对K的偏导数除以对L的偏导数）来计算，MRTS = (dU/dK) / (dU/dL)。

2. **输入价格比**：接着，我们需要考虑资本和劳动的价格比例。在这个例子中，资本和劳动的价格都是1，因此价格比是1:1。

3. **最优组合的确定**：长期成本最小化的条件是MRTS等于输入的价格比。这意味着，资本和劳动的边际替代率应该等于它们的价格比率。在实际操作中，这通常通过设置MRTS等于资本和劳动的价格比，并解出资本和劳动的数量来实现。

4. **数学优化**：对于复杂的生产函数，可能需要使用数学优化技术，如拉格朗日乘数法，来解决这个问题。通过设置一个拉格朗日函数，将生产函数和成本约束结合起来，通过求解该函数的一阶条件来找到资本和劳动的最优组合。

在给定的例子中，因为资本和劳动的价格相等，且生产函数具有特定的形式，我们可以推断出资本和劳动的最优组合应该是相等的，以实现生产效率和成本最小化。然而，这个结论依赖于具体的生产函数形式和输入价格，对于不同的情况，最优组合可能会有所不同。"
13,消费者效用函数为： U=X1的0.5次方*X2的0.5次方，求  \r\n（1）求商品的需求函数；（2）求间接效用函数、及支出函数\r\n     （3）给出货币的影子价格 的表达式。,"[Human]: 在消费者效用函数中，如何求商品的需求函数？
[AI]: 在消费者效用函数U=X1^0.5 * X2^0.5中，商品的需求函数可以通过马歇尔需求定律求得，在给定价格和消费者收入的条件下，求出消费者对商品X1和商品X2的需求量，从而得到商品的需求函数。
","[Human]: 如何求间接效用函数和支出函数呢？
[AI]: 求间接效用函数和支出函数的方法可以通过拉格朗日乘子法来实现，首先构建拉格朗日函数，然后通过对约束条件求导数，将导数代入拉格朗日函数中，最终可以求得间接效用函数和支出函数的表达式。","
[Human]: 请问货币的影子价格的表达式应如何得出？
[AI]: 货币的影子价格可以通过消费者的边际效用和价格比率来计算得出，通常使用拉格朗日乘子法求解边际效用和价格比率的关系，得出货币的影子价格表达式。"
14,用什么更高频的指标预测PMI指数？,"[Human]: 用什么更高频的指标预测PMI指数？
[AI]: 预测PMI指数可以考虑使用工业生产指数、零售销售指数和出口订单指数等更高频的指标，这些指标能够更实时地反映经济活动的变化，从而为PMI指数的预测提供更准确的参考。","[Human]: 那么，这些更高频的指标是如何影响PMI指数的预测呢？
[AI]: 更高频的指标如工业生产指数、零售销售指数和出口订单指数等，可以更及时地反映经济活动的变化，通过这些指标的变化趋势，可以更准确地预测PMI指数的趋势和变化情况。","
[Human]: 这些更高频的指标与PMI指数之间存在怎样的相关性？
[AI]: 这些更高频的指标与PMI指数之间存在一定的相关性，比如工业生产指数可以反映工业活动的增长情况，而零售销售指数则可以反映消费市场的状况，这些都会对PMI指数产生影响。因此，通过分析它们之间的相关性，可以更好地预测PMI指数的走势。"
15,请教各位大神leslie人口模型的原理,"
[Human]: Leslie人口模型的原理是什么？
[AI]: Leslie人口模型是一种描述人口增长和年龄结构变化的数学模型，其原理主要涉及到年龄组别、生育率和存活率的影响，通过这些因素来预测和分析人口变化趋势。","[Human]: Leslie人口模型的参数如何影响人口增长趋势？
[AI]: Leslie人口模型的参数包括年龄组别、生育率和存活率，它们分别影响着人口的出生、存活和死亡情况，进而影响整体人口的增长趋势。具体来说，年龄组别决定了不同年龄段的人口数量，生育率决定了新生儿的出生数量，存活率决定了各年龄段人口的存活概率，这些参数共同作用下，影响着人口的变化。
""""""","[Human]: Leslie模型中如何确定不同年龄组别的人口数量？
[AI]: Leslie人口模型通过考虑不同年龄组别的出生率、存活率和迁移率等因素，利用数学方法进行预测和估算，从而确定不同年龄组别的人口数量。这种方法可以帮助我们理解和预测人口的年龄结构变化和增长趋势。"
16,请问用AMOS验证中介变量前，是否应有理论支持（有研究说过为中介变量0。另外有理论A影响B，B影响C，能说明B是中介变量吗？,"
[Human]: 用AMOS验证中介变量前，是否应有理论支持？
[AI]: 在使用AMOS验证中介变量前，理论支持是十分重要的。因为中介变量的选择应该基于已有的理论和先前研究的支持，这样才能保证中介变量在模型中的合理性和有效性。
","[Human]: 有理论A影响B，B影响C，能说明B是中介变量吗？
[AI]: 有理论A影响B，B影响C并不一定能说明B是中介变量。中介变量的存在需要通过实证数据和分析方法来验证，包括中介效应的检验和中介效应的大小。因此，理论A影响B，B影响C只是初步的理论假设，需要通过实证分析来验证B是否真正起到中介作用。","[Human]: 用AMOS验证中介变量前，是否应有理论支持？
[AI]: 在使用AMOS验证中介变量前，理论支持是十分重要的。因为中介变量的选择应该基于已有的理论和先前研究的支持，这样才能保证中介变量在模型中的合理性和有效性。"
17,若工资和价格可以灵活调整，菲利普斯曲线会更稳定还是消失？,"
[Human]: 若工资和价格可以灵活调整，菲利普斯曲线会更稳定还是消失？
[AI]: 菲利普斯曲线描述了通货膨胀和失业之间的关系，如果工资和价格可以灵活调整，可能会导致通货膨胀和失业之间的关系更加复杂，这可能使菲利普斯曲线的稳定性受到影响，甚至消失。因此，灵活调整工资和价格可能对菲利普斯曲线产生深远影响。","[Human]: 但是，如果工资和价格可以灵活调整，是否能够通过这种方式来更有效地调节通货膨胀和失业之间的关系呢？
[AI]: 当工资和价格可以灵活调整时，可能会出现通货膨胀和失业之间的关系更加复杂的情况。在这种情况下，灵活调整工资和价格可能会带来更多的不确定性，使得难以有效地调节通货膨胀和失业之间的关系。因此，虽然可以灵活调整工资和价格，但并不一定会更有效地调节通货膨胀和失业之间的关系。","
[Human]: 如果菲利普斯曲线消失，会对经济政策制定和实施产生怎样的影响？
[AI]: 如果菲利普斯曲线消失，将使经济政策制定者面临更大的挑战。因为菲利普斯曲线为政策制定提供了通货膨胀和失业之间的关系参考，如果失去了这种参考，将增加政策制定的不确定性和风险，导致制定和实施经济政策的困难和挑战加大。"
18,请问银行风险Z值中资产收益率标准差的处理,"
[Human]: 银行风险Z值中资产收益率标准差是如何处理的呢？
[AI]: 银行风险Z值的计算中，资产收益率标准差的处理主要包括以下几个步骤：
1. **收益率计算：** 首先，需要计算出每个资产的期望收益率，并据此计算出各个资产的收益率。
2. **标准差计算：** 然后，利用各个资产的收益率数据，计算出整个资产组合的标准差，作为资产收益率标准差的测度。
3. **风险权重：** 最后，将资产收益率标准差作为风险测度的一部分，根据风险权重的规定，将其纳入银行风险Z值的计算中。
以上是银行风险Z值中资产收益率标准差的处理过程。","[Human]: 银行风险Z值的计算中，资产收益率标准差如何影响风险的评估呢？
[AI]: 银行风险Z值的计算中，资产收益率标准差的大小反映了资产收益率的波动性和不确定性，从而影响了风险的评估。标准差越大，说明资产的波动性越高，风险也就越大；反之则表示风险相对较小。因此，资产收益率标准差的处理对于银行风险评估具有重要的影响。
""""""","[Human]: 银行风险Z值中资产收益率标准差处理方式对于银行的经营管理有怎样的意义？
[AI]: 银行风险Z值中资产收益率标准差的处理方式对银行的经营管理具有重要意义：
1. **风险控制：** 通过对资产收益率标准差的处理及时发现资产组合的波动情况，帮助银行识别和控制投资风险。
2. **资产配置：** 根据资产收益率标准差的处理结果，银行可以调整和优化资产配置，以达到风险和收益的平衡。
3. **资本充足性：** 资产收益率标准差的处理方式直接影响了银行的资本充足性评估，进而影响到银行的资本管理和运营决策。
综上所述，银行风险Z值中资产收益率标准差的处理方式对银行的经营管理具有重要的意义。"
19,最近准备着手写一篇论文，是关于经济增长与FDI之间的统计分析。。但是不知道能做哪几种统计分析，应该就是相关分析和时间序列分析吧？时间序列分析可以建模吗？,"[Human]: 经济增长与FDI之间的统计分析中，应该选择哪几种统计分析方法呢？相关分析和时间序列分析是否合适？时间序列分析是否可以用于建模？
[AI]: 在经济增长与FDI之间的统计分析中，可以考虑使用相关分析和时间序列分析。相关分析用于衡量两个变量之间的线性相关程度，而时间序列分析则可以用于研究数据随时间变化的规律性，包括建模和预测。因此，时间序列分析是可以用于建模的，可以帮助你深入研究经济增长与FDI之间的关系。","[Human]: 时间序列分析对于经济增长与FDI之间的关系有哪些具体应用和优势？
[AI]: 时间序列分析在经济增长与FDI研究中具有以下应用和优势：
1. **趋势分析：** 可以揭示经济增长和FDI的长期趋势，帮助理解它们之间的演变规律。
2. **季节性分析：** 可以发现经济增长和FDI在不同季节或时间段的变化规律，为政策制定提供参考依据。
3. **周期性分析：** 可以识别经济增长和FDI的周期性波动，帮助预测未来发展趋势。
4. **建模预测：** 时间序列分析可以建立模型预测经济增长和FDI的发展趋势，为政策决策提供科学依据。
综上所述，时间序列分析在经济增长与FDI研究中具有丰富的应用和优势，对于深入理解它们之间的关系非常有帮助。","[Human]: 相关分析在经济增长与FDI之间的研究中有何作用？可以举例说明吗？
[AI]: 相关分析可以帮助揭示经济增长与FDI之间的线性相关程度，帮助我们了解它们之间的关联关系。例如，可以通过相关分析来探讨经济增长率与FDI净流入之间的相关性，进一步分析它们对经济发展的影响程度和方向性。
"
20,"假设条件：两个国家A和B，都只生产两种商品x和y，两种商品只使用劳动和资本作为生产要素。商品x是资本密集型，y是劳动密集型，当A国是资本丰裕型国家，B国是劳动型国家，请问为什么A国偏向生产商品x,而B国偏向生产商品y,通过贸易，就可以提高无差异曲线大小。","[Human]: 为什么A国偏向生产资本密集型商品x，而B国偏向生产劳动密集型商品y？这种生产偏向是如何影响两国的贸易关系，以及对无差异曲线的大小有何影响？
[AI]: A国偏向生产资本密集型商品x的原因可能与其资本丰裕型国家的生产要素配置有关，而B国偏向生产劳动密集型商品y可能与其劳动型国家的生产要素配置相关。通过贸易，两国可以在比较优势和互补优势下进行商品交换，提高生产效率和资源配置的效益，从而促进无差异曲线的扩大。","[Human]: 进行商品交换会如何影响两国的生产效率和资源配置？
[AI]: 商品交换可以促进两国在比较优势和互补优势下进行资源配置，实现资源的有效利用和生产效率的提高。比较优势指的是各国在特定产品上的相对生产成本优势，而互补优势指的是各国生产要素和产品之间的互补关系。通过商品交换，国家可以根据自身的生产优势进行生产，实现了资源的有效配置和生产效率的提升。
""""""","[Human]: 两国进行商品交换后，会对无差异曲线的大小有何影响？
[AI]: 商品交换可以使两国在无差异曲线上取得更高的消费组合，从而提高了消费者的福利水平。通过比较各国在无差异曲线上的消费组合，可以评价商品交换对消费者福利的影响。"
21,请教一个简单问题，谢谢每一位回答的朋友！\n人民币跨境清算系统CIPS和国内外外币支付系统有什么联系么,"[Human]: CIPS和国内外外币支付系统有什么联系？
[AI]: 人民币跨境清算系统（CIPS）和国内外外币支付系统之间存在紧密联系，主要体现在以下几个方面：
1. **结算通道：** CIPS作为人民币国际结算的核心平台，为国内外外币支付系统提供了直接的结算通道，促进了跨境交易的便捷性和效率。
2. **汇率转换：** CIPS系统中的汇率转换功能可以与国内外外币支付系统相互对接，实现不同货币之间的即时兑换，方便了跨境交易中的资金清算。
3. **风险管理：** 通过与国内外外币支付系统的联动，CIPS系统可以实时监测跨境交易的风险，采取相应的风险管理措施，保障交易的安全性和稳定性。
因此，CIPS与国内外外币支付系统之间的联系密切，共同构建了跨境支付和结算的高效运行体系。","[Human]: CIPS和国内外外币支付系统的结算通道是如何实现的呢？
[AI]: CIPS和国内外外币支付系统的结算通道实现主要依赖于以下几个方面的机制：
1. **银行网络：** CIPS系统通过与各国银行的网络建立联系，实现了人民币与外币的跨境结算，为国内外外币支付系统提供了结算服务的渠道。
2. **外汇市场参与者：** CIPS系统中涉及的外汇市场参与者，如银行、支付机构等，与国内外外币支付系统的参与者相互对接，共同完成跨境交易的结算和清算。
3. **跨境支付协议：** CIPS系统与国际支付结算机构和外币支付系统之间可能存在跨境支付协议，通过协议规定各方的结算义务和权利，实现了跨境支付和清算的合作与协调。
综上所述，CIPS与国内外外币支付系统的结算通道是通过银行网络、外汇市场参与者和跨境支付协议等机制实现的。","[Human]: 那么，在CIPS系统中，如何进行跨境交易的风险管理呢？
[AI]: 在CIPS系统中，跨境交易的风险管理主要通过以下几种方式实现：
1. **实时监测：** CIPS系统可以实时监测跨境交易的各项指标，如交易金额、参与方身份等，及时发现异常情况。
2. **风险评估：** 基于监测到的数据，CIPS系统可以进行风险评估，对交易方的信用风险、市场风险等进行定量化评估。
3. **风险控制：** CIPS系统通过设定交易限额、实施预警机制等措施，对潜在风险进行控制和管理。
4. **危机应对：** 在发生风险事件时，CIPS系统会立即启动应急机制，采取相应措施应对风险，保障系统的稳定运行。
综上所述，CIPS系统通过实时监测、风险评估、风险控制和危机应对等手段，实现了跨境交易的风险管理。"
22,怎样用CPI定基指数对某种农产品的价格进行调整呀？,"[Human]: 如何使用CPI定基指数对某种农产品的价格进行调整？
[AI]: 使用CPI定基指数对某种农产品的价格进行调整可以通过以下步骤实现：
1. **确定基期：** 首先需要确定一个基期，即参考的起始时间点，通常选择一个较为稳定的时间段作为基期。
2. **计算价格指数：** 将基期的价格设置为基准值（一般为100），然后根据后续各个时间点的价格数据计算出价格指数。
3. **计算调整系数：** 将CPI定基指数作为调整系数，即将每个时间点的CPI值与基期的CPI值相除，得到调整系数。
4. **价格调整：** 将每个时间点的农产品价格乘以相应的调整系数，即可得到相对于基期的调整后价格。
综上所述，可以使用CPI定基指数来对某种农产品的价格进行调整，以反映通货膨胀对价格的影响。","[Human]: 使用CPI定基指数进行价格调整时，如何选择合适的基期呢？
[AI]: 在选择基期时，通常需要考虑以下几个因素：
1. **数据可用性：** 选择一个历史上数据较为完整、准确的时间段作为基期，以确保价格指数的计算可靠性。
2. **经济稳定性：** 基期应选择一个相对经济稳定的时期，避免选择存在大幅通货膨胀或通缩的时期，以确保调整后的价格能够反映真实的价格水平。
3. **代表性：** 基期应能够代表整个时间序列的价格水平，即在该期间内价格相对稳定，并且能够反映出后续时间段的价格波动情况。
综上所述，选择合适的基期是使用CPI定基指数进行价格调整的关键，需要考虑数据可用性、经济稳定性和代表性等因素。","[Human]: 在使用CPI定基指数进行价格调整时，如何确保调整后的价格能够准确反映通货膨胀对农产品价格的影响？
[AI]: 确保调整后的价格能够准确反映通货膨胀对农产品价格的影响主要需要注意以下几个方面：
1. **选择适当的权重：** 在计算CPI定基指数时，应根据农产品在消费篮子中的权重来确定其对价格指数的贡献，以确保调整后的价格能够准确反映通货膨胀对农产品价格的影响程度。
2. **考虑季节性因素：** 对于季节性较强的农产品，应考虑季节性调整因素，以消除季节性变动对价格指数的影响，从而更准确地反映通货膨胀对农产品价格的影响。
3. **数据质量：** 在计算CPI定基指数时，应确保所使用的价格数据质量高、准确性高，避免因数据错误或不准确导致的价格调整失真，从而影响对通货膨胀影响的准确评估。
综上所述，通过选择适当的权重、考虑季节性因素和确保数据质量，可以确保调整后的价格能够准确反映通货膨胀对农产品价格的影响。"
23,假定某消费者每年的食物支出为10000元，食物价格为每单位2元，其收入为25000元，食物的需求收入弹性为0.5，需求价格弹性为-1。（1）若对食物征收每单位2元的销售税，消费者的食物消费会发生什么变化？\r\n\r\n第一问要怎么求解？为什么那么求解？,"[Human]: 假定某消费者每年的食物支出为10000元，食物价格为每单位2元，其收入为25000元，食物的需求收入弹性为0.5，需求价格弹性为-1。若对食物征收每单位2元的销售税，消费者的食物消费会如何变化？
[AI]: 当对食物征收每单位2元的销售税时，食物的实际价格将从2元增加到4元。根据需求价格弹性的定义，需求价格弹性为-1意味着价格上升1%会导致需求量下降1%。在这种情况下，价格实际上翻倍，即上升了100%，因此我们可以预期食物的需求量将会大幅下降，理论上下降100%，但实际情况可能会因为消费者的需求曲线形状和其他商品的替代效应而有所不同。

此外，食物的需求收入弹性为0.5表明如果收入增加1%，食物的需求量将增加0.5%。在本例中，收入未变，因此收入弹性对当前情况的直接影响较小。主要的变化来自于价格弹性导致的需求量减少。

因此，征收销售税后，由于价格上升导致的需求量显著下降将是消费者食物消费变化的主要驱动力。具体的消费量变化还需进一步计算，考虑到价格翻倍，如果消费者的需求完全按照价格弹性调整，他们可能会将食物消费量减半，从原来的5000单位减少到2500单位，假设他们的消费行为完全符合价格弹性的预期变化。","[Human]: 如果考虑到需求收入弹性，征收销售税后消费者的食物支出和消费量应该如何计算？
[AI]: 要考虑需求收入弹性对征收销售税后消费者的食物支出和消费量的影响，我们首先需要理解需求收入弹性的含义。需求收入弹性为0.5意味着如果收入增加1%，食物的需求量将增加0.5%。在本例中，收入保持不变，因此收入的变化对食物需求量的直接影响较小。主要的影响来自于价格的变化。

当食物价格从2元增加到4元时，价格实际上翻倍，根据需求价格弹性为-1的定义，这意味着需求量会减少相同的百分比，即理论上需求量会减少100%。然而，这只是一个理论上的极端情况。实际上，消费者可能无法完全停止购买食物，因为食物是基本需求。

原先消费者以2元的价格购买了5000单位的食物（10000元/2元=5000单位）。价格翻倍到4元后，如果按照需求价格弹性是-1来计算，理论上消费量会减少到0。但实际情况中，消费者可能会减少购买量以适应价格上涨和预算限制，实际减少的量取决于他们对食物的需求弹性和可用收入。

考虑到需求收入弹性和价格弹性，消费者可能会调整他们的食物支出。如果他们决定减少食物支出以应对价格上涨，他们的总支出可能仍然集中在10000元左右，但购买量会显著减少。具体减少多少取决于他们在新价格下的需求量。

因此，计算征收销售税后消费者的具体食物支出和消费量，需要具体分析消费者的价格敏感度和可用收入对价格变化的适应程度。在实际情况中，消费者可能会寻找替代品，减少对较贵食物的依赖，或者减少非必需品的支出以维持基本的食物消费。","[Human]: 在考虑价格弹性和收入弹性的基础上，如何预测征收销售税后整体市场上的食物消费趋势？
[AI]: 要预测征收销售税后整体市场上的食物消费趋势，我们需要综合考虑需求价格弹性和需求收入弹性对消费者行为的影响。需求价格弹性为-1表明价格上升会导致需求量成比例下降，而需求收入弹性为0.5则意味着收入增加会使需求量适度上升。在本例中，由于食物价格因征收销售税而翻倍，我们可以预期一个显著的需求量下降，这是由价格弹性直接驱动的。

然而，整体市场的消费趋势还会受到其他因素的影响，例如消费者对不同食物类别的替代效应、收入分布的变化、以及可能的政府补贴或其他经济政策的调整。如果销售税导致部分消费者转向更便宜或替代性食物，整体食物需求的下降可能不会那么剧烈。另一方面，对低收入群体而言，食物支出占收入的比例较高，价格上升可能导致他们的食物消费量显著下降。

综合来看，整体市场上的食物消费趋势预计将是下降的，特别是对价格敏感度高的消费者。但是，具体影响的程度会因人而异，取决于各个消费者的收入水平、替代品的可用性以及个人偏好。此外，政府和市场可能会采取一些措施来缓解销售税带来的影响，比如提供食物补贴或降低其他基本食品的税率，这些都可能对最终的消费趋势产生影响。"
24,我现在有两组数据，一组是panel data，另外一组是截面数据，截面数据是反应个体的基本属性不大会随着年岁变化，这些数据如何来做panel data 模型？,"[Human]: 我现在有两组数据，一组是panel data，另外一组是截面数据，截面数据是反应个体的基本属性不大会随着年岁变化，这些数据如何来做panel data 模型？
[AI]: 针对您的问题，将这两组数据整合成panel data模型时，需要考虑以下几个步骤：
1. **数据整合：** 将截面数据和panel data按照时间序列整合，确保每个个体在不同时间点都有数据记录。
2. **变量选择：** 确定需要用于panel data模型的变量，包括面板数据中的时间变量和个体变量，以及截面数据中的基本属性变量。
3. **面板数据建模：** 使用面板数据分析方法，如固定效应模型或随机效应模型，考虑个体和时间的固定效应或随机效应，以及其他可能影响因素。
4. **模型评估：** 对建立的panel data模型进行评估，包括检验模型的拟合度、稳健性和可解释性，以及进行必要的模型诊断和修正。
通过以上步骤，您可以将两组数据整合成panel data模型，并对个体基本属性和时间变化对其进行分析和建模。","[Human]: 那么，在panel data模型中，如何处理截面数据的基本属性？
[AI]: 在panel data模型中处理截面数据的基本属性时，可以考虑以下几种方法：
1. **固定效应：** 将截面数据的基本属性作为个体固定效应加入模型中，以控制个体间的差异，同时关注时间变化对因变量的影响。
2. **交互项：** 在模型中添加基本属性与时间变量的交互项，以考虑基本属性如何随时间变化而影响因变量。
3. **时间趋势：** 考虑基本属性的时间趋势，例如使用时间变量的分段函数或虚拟变量来捕捉基本属性随时间的演变。
综上所述，在panel data模型中处理截面数据的基本属性时，需要结合固定效应、交互项和时间趋势等方法，以充分考虑基本属性对因变量的影响。","[Human]: 那么，在panel data模型中，如何解决时间序列的相关性问题？
[AI]: 在panel data模型中，解决时间序列的相关性问题通常可以采取以下几种方法：
1. **差分法：** 对因变量和自变量进行一阶或高阶差分，将其转化为平稳序列，消除时间序列的相关性。
2. **面板单位根检验：** 使用单位根检验，如IPS、ADF等，检验面板数据的单位根性，以确定是否存在单位根问题，进而确定是否需要进行差分。
3. **固定效应/随机效应模型：** 在面板数据建模中，固定效应模型和随机效应模型可以分别控制个体间和时间间的固定效应或随机效应，从而减少时间序列相关性的影响。
4. **异方差处理：** 如果面板数据存在异方差问题，可以采取加权最小二乘法（WLS）或者异方差稳健标准误差估计方法，对模型进行修正。
综上所述，通过差分法、面板单位根检验、固定效应/随机效应模型和异方差处理等方法，可以有效解决panel data模型中的时间序列相关性问题。"
25,如何提高不同主体在初次分配中获得的收入水平？,"[Human]: 如何提高不同主体在初次分配中获得的收入水平？
[AI]: 提高不同主体在初次分配中获得的收入水平可以通过多种方式实现：
1. **教育投资：** 投入更多资源用于教育，提高劳动者的技能和素质，从而增加其在初次分配中的收入水平。
2. **政策调整：** 实施积极的财税政策和社会保障政策，调整税收体系和社会福利制度，促进收入的公平分配。
3. **就业机会：** 扶持中小企业发展，创造更多就业机会，增加劳动者的收入来源。
4. **技术创新：** 加强科技创新，推动产业升级，提高劳动者的生产效率，从而提高其收入水平。
因此，通过教育投资、政策调整、就业机会和技术创新等途径，可以有效提高不同主体在初次分配中获得的收入水平。","[Human]: 那么，如何评估教育投资对不同主体收入水平的影响呢？
[AI]: 评估教育投资对不同主体收入水平的影响通常可以采用以下方法：
1. **回归分析：** 利用回归模型分析教育投资与个体收入之间的关系，控制其他可能影响收入的因素，如年龄、性别等。
2. **差异分析：** 比较接受不同教育水平教育的个体之间的收入差异，从而评估教育对收入的影响程度。
3. **纵向研究：** 追踪同一群体在接受教育前后的收入变化，以观察教育投资对个体收入的长期影响。
通过以上方法，可以客观评估教育投资对不同主体收入水平的影响。","[Human]: 教育投资对不同主体收入水平的影响评估中，如何解决潜在的共线性问题？
[AI]: 在评估教育投资对不同主体收入水平的影响时，共线性问题是需要解决的关键之一。解决方法包括：
1. **方差膨胀因子（VIF）：** 使用VIF检测自变量之间的共线性，并考虑移除共线性较高的变量。
2. **主成分分析（PCA）：** 将高度相关的自变量转换为新的、无关的主成分，以降低共线性带来的影响。
3. **岭回归（Ridge Regression）：** 引入惩罚项，限制模型参数的大小，减少共线性的影响。
综上所述，这些方法可以帮助解决教育投资对不同主体收入水平影响评估中的共线性问题。"
26,求教为何大多研究企业参与行为的文章用PROBIT模型，而研究个人参与意愿的文章用LOGISTIC模型？能用LOGIT研究企业相关数据吗？谢了！,"
[Human]: 为什么大多研究企业参与行为的文章使用PROBIT模型，而研究个人参与意愿的文章使用LOGISTIC模型？这两种模型在企业和个人数据研究中的应用有何不同？
[AI]: 企业参与行为和个人参与意愿在统计建模时通常涉及不同的数据分布和背后的经济行为假设。通常来说，PROBIT模型更适用于企业参与行为的研究，因为它对数据分布的假设更加灵活，并且可以更好地捕捉企业行为的复杂性；而LOGISTIC模型更适用于个人参与意愿的研究，因为它对个体决策过程的建模更为合适。另外，LOGIT模型在研究企业相关数据时也是可以使用的，但需根据具体数据和研究问题来判断是否合适。","
[Human]: 在选择使用PROBIT模型和LOGISTIC模型时，如何确定哪种模型更适合研究企业参与行为和个人参与意愿？
[AI]: 在确定使用哪种模型时，可以考虑以下因素：
1. 数据分布：企业参与行为和个人参与意愿往往对应不同的数据分布特征，根据数据的实际情况选择更适合的模型。
2. 模型解释性：考虑研究的具体问题和模型系数的解释性，来判断哪种模型更能够有效地解释研究结果。
3. 模型复杂性：根据研究问题和实际数据情况，考虑模型的复杂性和计算的实际可行性来选择合适的模型。
4. 综合考虑：在实际应用中，需要综合考虑以上因素，并且在具体问题中进行实证分析，从而确定哪种模型更适合研究企业参与行为和个人参与意愿。
","[Human]: 为何大多研究企业参与行为的文章使用PROBIT模型，而研究个人参与意愿的文章使用LOGISTIC模型？这种选择背后是否有理论支持？  
[AI]: 这种选择通常与研究对象的特性和背后的理论假设有关。在实际应用中，通常假定个人的决策是基于效用最大化的，因此逻辑回归模型更适合描述个人参与意愿；而企业的行为往往受到更多复杂因素的影响，PROBIT模型在对概率分布的假设上更加灵活，因此更适合描述企业参与行为。这种选择背后确实有理论支持，是根据研究对象特性和经济学理论的匹配性来进行的。
"""""""
27,想对居民利用社区App的现状进行满意度和潜在需求的分析啊，请问有什么很贴切的分析方法和模型吗？感激不尽啊...小弟我现在没有财富实在不好意思,"
[Human]: 用于居民满意度和潜在需求分析的模型有哪些，能否给一些建议？
[AI]: 对于居民满意度和潜在需求的分析，可以考虑使用多元线性回归模型、因子分析、结构方程模型或者离散选择模型等。不同模型适用于不同情境，具体的选择需要结合数据特征和研究目的来进行考量。","[Human]: 如何确定选择哪种模型对居民满意度和潜在需求进行分析？
[AI]: 在确定选择哪种模型对居民满意度和潜在需求进行分析时，可以考虑以下几个因素：
1. **数据类型和特征：** 如果你的数据包含连续变量和响应变量之间的线性关系，可以考虑使用多元线性回归模型；如果需要探索潜在构念和测量指标之间的关系，可以选择因子分析或者结构方程模型。
2. **研究问题：** 如果你更关注潜在需求对满意度的影响，可以选择离散选择模型来进行分析，因为它可以更好地捕捉潜在需求对满意度的影响。
3. **模型假设：** 不同模型对数据的假设不同，需要根据数据的符合程度来选择合适的模型。
在综合考虑这些因素的基础上，可以更好地判断选择使用哪种模型来进行分析。","[Human]: 什么模型可以用于预测居民对社区App的满意度和潜在需求？
[AI]: 用于预测居民对社区App满意度和潜在需求的模型可以考虑使用逻辑回归模型、回归树模型或者支持向量机模型等。这些模型可以帮助你预测居民对社区App的态度和需求，并为改进提供方向。
"""""""
28,单侧检验与双侧（双尾）检验有什么区别？适用范围分别是什么呢？,"
[Human]: 单侧检验与双侧（双尾）检验有什么区别？适用范围分别是什么呢？
[AI]: 单侧检验和双侧（双尾）检验的区别在于对研究假设的不同处理。单侧检验适用于对一个方向的假设进行检验，例如一个变量大于或小于某个值；而双侧（双尾）检验适用于对两个方向的假设进行检验，例如一个变量不等于某个值。一般来说，选择使用哪种检验应该基于研究问题和假设的具体形式。","[Human]: 单侧检验和双侧（双尾）检验的显著性水平的计算方式有什么不同吗？
[AI]: 是的，它们的显著性水平计算方式有所不同。在单侧检验中，显著性水平通常是在分布的一个尾部计算的，而在双侧（双尾）检验中，则是在分布的两个尾部计算。因此，在确定显著性水平时，需要根据检验类型和研究问题的需求选择适当的计算方式。","[Human]: 单侧检验和双侧（双尾）检验在实际研究中有哪些应用场景呢？
[AI]: 在实际研究中，单侧检验通常用于确定一个变量是否大于或小于某个特定值，例如药物治疗是否显著提高了患者的生存率。而双侧（双尾）检验则适用于比较两组样本是否存在显著差异，例如男性和女性在身高上是否存在显著差异。选择使用哪种检验应该基于具体研究问题和假设的形式来决定。"
29,单位根检验出来的p值等于1，请问这样的结果有问题吗？,"
```
[Human]: 单位根检验出来的p值等于1，这样的结果有问题吗？在统计中，p值等于1代表什么含义？
[AI]: 单位根检验中，p值等于1通常意味着我们无法拒绝原假设，即时间序列数据具有单位根，表明该时间序列并不平稳。这样的结果通常表示数据集需要经过差分处理，以确保时间序列的平稳性。因此，p值为1时，需要考虑对数据进行进一步处理，以确保模型的准确性。
```","```
[Human]: 单位根检验中，p值等于1，这样的结果通常代表什么情况？
[AI]: 在单位根检验中，p值等于1通常意味着我们不能拒绝原假设，即时间序列数据具有单位根，表明该时间序列并不平稳。这种情况下，需要进行进一步的数据处理，比如进行差分处理，以确保时间序列的平稳性。
```","```
[Human]: 单位根检验的p值等于1，这种结果是否说明时间序列数据不平稳？
[AI]: 是的，单位根检验中p值等于1通常表示我们不能拒绝原假设，即时间序列数据具有单位根，表明该时间序列并不平稳。因此，这种结果说明数据需要进一步处理，比如进行差分处理，以确保时间序列的平稳性。
```"
30,多于两期的面板数据怎么做DID啊！急死了,"[Human]: 对于多于两期的面板数据，DID 方法应该如何正确应用呢？
[AI]: 在处理多期面板数据时，DID 方法需要考虑到时间趋势和处理潜在的非平稳性。可以通过引入时间虚拟变量和交互项来捕捉处理效应，并进行平稳性检验以确保结果的有效性和稳健性。同时需要注意样本的选择和处理效应的识别，以确保结果的可解释性和可靠性。","""""""
[Human]: 多于两期的面板数据如何确定平行趋势假设是否成立？
[AI]: 在确定多于两期的面板数据是否符合平行趋势假设时，可以考虑使用趋势检验或者引入时间趋势变量来进行分析。通过观察处理组和对照组在干预前的趋势是否平行来判断平行趋势假设是否成立，也可以使用断点回归等方法来识别平行趋势是否存在。
""""""","[Human]: 多于两期的面板数据使用DID方法对处理效应进行估计时，如何处理处理效应的异方差性？
[AI]: 在处理多期面板数据的DID方法中，若存在处理效应的异方差性，可以考虑使用异方差稳健的标准误来进行处理效应的估计。使用异方差稳健的标准误可以有效地纠正处理效应估计的标准误，从而得到更准确和稳健的效应估计结果。"
31,做Logit模型，我就是先进行逐步回归删除了不显著的指标，并且通过了多重共线性检验，结果做出来的Logit模型的一个系数格外大，老师说有问题，那我现在该怎么办？是需要在最初对数据进行标准化处理或者缩尾之类的吗？还是应该经过什么其他处理？？？,"
[Human]: 在使用Logit模型时，如果进行了逐步回归删除不显著的指标并通过了多重共线性检验，但得到的模型系数格外大，应该怎么处理？是需要在最初对数据进行标准化处理或者缩尾之类的处理吗？还是应该经过其他处理？
[AI]: 当Logit模型得到的系数异常大时，可以考虑以下几点处理方式：
1. **标准化处理：** 放缩变量，确保数据在相同的尺度上，避免系数过大的问题。
2. **缩尾处理：** 如果变量存在极端值，可以考虑进行缩尾处理，尤其是在模型系数异常大的情况下。
3. **其他处理：** 除了标准化和缩尾处理，还可以考虑对异常值进行处理，或者重新审视模型中的变量选择，确保模型的准确性和稳定性。
综合考虑数据特点和模型结果，选择合适的处理方式以确保模型的稳健性和可解释性。","[Human]: 谢谢你的建议，我明白了。那在处理异常值时，有什么常用的方法可以参考吗？
[AI]: 在处理异常值时，可以考虑以下几种常用方法：
1. **删除异常值：** 如果异常值对整体模型影响较大且无法合理解释，可以考虑删除异常值。
2. **替换异常值：** 使用平均值、中位数或者其他合理数值替换异常值，使得数据更贴近整体分布。
3. **分组处理：** 将数据分组后对每个分组进行独立分析，以减少异常值对整体数据的影响。
4. **转换数据：** 使用对数、平方根等方法对数据进行转换，缩小异常值对整体数据的影响。
选择合适的异常值处理方法需要综合考虑异常值的原因、数据特点以及模型要求，以确保处理后的数据更符合模型建立的前提条件。","[Human]: 那在进行数据分组的时候，应该如何确定分组的标准呢？
[AI]: 确定数据分组的标准可以考虑以下几点：
1. **业务逻辑：** 根据具体的业务需求和实际情况确定数据分组标准，确保分组后的数据能够反映出实际情况。
2. **数据分布：** 可以通过数据的分布情况来确定分组标准，比如使用分位数或者标准差等统计量进行分组。
3. **模型要求：** 如果模型对数据分布有特定要求，需要根据模型的需求来确定数据分组的标准，以保证模型的有效性和准确性。
综合考虑业务需求、数据特点和模型要求，确定合适的数据分组标准以支持模型的建立和分析。"
32,EG两步法的协整检验中，tau统计值和z统计值有啥区别？R语言中有没有麦金农临界值的实现方法？,"[Human]: EG两步法的协整检验中，tau统计值和z统计值有什么区别？
[AI]: 在 EG 两步法的协整检验中，tau 统计值是基于原假设不存在协整的情况下计算的，而 z 统计值是基于存在协整的情况下计算的。具体来说，tau 统计值是在非协整的情况下对残差进行单位根检验的统计量，而 z 统计值是在存在协整的情况下对残差进行规范化处理后的统计量。
[Human]: R 语言中有没有麦金农临界值的实现方法？
[AI]: 在 R 语言中，可以使用 urca 包中的 cajools() 函数或者 tseries 包中的 ca.jo() 函数来进行 EG 两步法的协整检验，并计算得出麦金农临界值。这些函数可以帮助你在 R 中实现 EG 两步法的协整检验，并获得所需的统计信息。","[Human]: EG两步法的协整检验中，tau统计值和z统计值有什么不同之处？
[AI]: 在 EG 两步法的协整检验中，tau 统计值和 z 统计值的不同主要体现在它们对残差序列的处理方式上。tau 统计值是对残差进行单位根检验的统计量，而 z 统计值是在存在协整的情况下对残差进行规范化处理后的统计量。
[Human]: 在 R 语言中是否有现成的函数来计算 EG 两步法的协整检验的结果？
[AI]: 是的，在 R 语言中可以通过 urca 包或者 tseries 包中的特定函数来实现 EG 两步法的协整检验，并获取相应的统计结果和临界值。你可以使用这些函数来进行协整检验并得到你所需要的统计信息。","[Human]: EG两步法的协整检验中，tau统计值和z统计值有什么区别？
[AI]: 在 EG 两步法的协整检验中，tau 统计值是基于原假设不存在协整的情况下计算的，而 z 统计值是基于存在协整的情况下计算的。具体来说，tau 统计值是在非协整的情况下对残差进行单位根检验的统计量，而 z 统计值是在存在协整的情况下对残差进行规范化处理后的统计量。
[Human]: R 语言中有没有麦金农临界值的实现方法？
[AI]: 在 R 语言中，你可以使用 urca 包或者 tseries 包中的特定函数来进行 EG 两步法的协整检验，并计算得出麦金农临界值。这些函数可以帮助你在 R 中实现 EG 两步法的协整检验，并获得所需的统计信息。"
33,求助！！！在EViews中做OLS回归时，如何对参数设置约束条件？比如我要做的回归是y=bx1+(1-b)x2，要怎么输入呢？,"
[Human]: 在EViews中做OLS回归时，参数设置约束条件怎么输入？比如我要做的回归是y=bx1+(1-b)x2，要怎么输入呢？
[AI]: 在EViews中，你可以通过“Equation Specification”对话框来设置参数约束条件。对于你提到的回归y=bx1+(1-b)x2，你可以在“Equation Specification”中输入约束条件，例如添加一个方程式，例如b+@coef(2)=1。这样就可以约束参数b的取值范围为0到1。","[Human]: 我知道在OLS回归中，参数估计是最小二乘估计，那么在存在异方差的情况下，参数估计还准确吗？
[AI]: 在存在异方差的情况下，OLS回归的参数估计可能不再是最佳线性无偏估计（BLUE）。此时可以考虑使用加权最小二乘法（WLS）进行回归，其中权重可以根据异方差的性质进行估计和调整，以提高参数估计的准确性。","[Human]: 请问在EViews中如何进行残差的异方差检验？
[AI]: 在EViews中进行残差的异方差检验，可以使用White检验或者Breusch-Pagan/Godfrey检验。在估计回归模型后，可以通过选择“View”菜单中的“Residual Diagnostics”选项来进行异方差检验。在弹出的对话框中，可以选择进行异方差检验，并查看相应的检验结果和统计量。"
34,求助！被解释变量为非整数的离散数据可否通过取整数利用计数模型进行回归？有没有推荐的文章参考！谢谢！,"[Human]:当被解释变量为非整数的离散数据时，是否可以通过取整数利用计数模型进行回归分析？
[AI]: 对于被解释变量为非整数的离散数据，可以考虑使用计数数据模型，比如泊松回归或负二项回归。这些模型可以处理计数数据，并且在统计学文献中有很多相关的文章可供参考，可以搜索相关文献来深入了解。","[Human]: 基于计数数据模型进行回归分析时，如何判断选择使用泊松回归还是负二项回归？
[AI]: 在选择使用泊松回归还是负二项回归时，可以考虑以下几个因素：
1. **离散分布特征：** 如果数据表现出泊松分布的特征，比如均值和方差相等的离散分布，可能更适合选择泊松回归；如果数据的离散度较高，泊松回归的假设可能不成立，此时可以考虑使用负二项回归。
2. **过度离散现象：** 如果观测到过度离散现象（dispersion），即方差大于均值的离散分布特征，可能表明泊松回归不适用，可以考虑使用负二项回归。
3. **模型拟合情况：** 可以通过拟合优度统计量、似然比检验等方法来比较模型的拟合情况，从而判断哪种模型更适合具体的数据情况。
在综合考虑这些因素的基础上，可以更好地判断选择使用哪种计数数据模型进行回归分析。","[Human]: 你能推荐一些关于计数数据模型的经典文章吗？
[AI]: 当然，我可以为你推荐一些关于计数数据模型的经典文章。你可以参考以下文献：
1. Cameron, A. C., & Trivedi, P. K. (2013). Regression analysis of count data. Cambridge university press.
2. Long, J. S. (1997). Regression models for categorical and limited dependent variables. SAGE Publications.
3. Hilbe, J. M. (2011). Negative binomial regression. Cambridge University Press.
这些经典的文献可以帮助你深入了解计数数据模型的理论和应用。"
35,区分效度是不是包括量表间和量表本身两种呢？各如何检验啊，谢谢！,"[Human]: 区分效度是不是包括量表间和量表本身两种呢？
[AI]: 区分效度通常包括量表间效度和量表本身效度两种。量表间效度是指同一构念下不同量表之间的相关性，可以通过相关系数、因素分析等方法进行检验；量表本身效度是指量表本身测量的内部一致性和准确性，可以通过信度分析、因素分析等方法进行检验。
[Human]: 各如何检验啊？
[AI]: 量表间效度通常可以通过相关系数（如皮尔逊相关系数）或者因素分析来进行检验；量表本身效度可以通过内部一致性分析（如Cronbach's α）或者因素分析来进行检验。这些方法可以帮助我们评估量表的效度。","[Human]: 区分效度是不是包括面、内容和结构效度？它们各有什么检验方法呢？
[AI]: 是的，区分效度包括面、内容和结构效度。对于面效度，可以使用相关系数、卡方检验等方法检验；内容效度可以通过因素分析、逻辑回归等方法进行检验；而结构效度可以采用因素分析、结构方程模型等方法进行检验。这些方法可以帮助评估量表的不同效度。","[Human]: 区分效度是不是包括判别效度和相关效度？它们各有哪些检验方法呢？
[AI]: 是的，区分效度包括判别效度和相关效度。判别效度可以通过 t 检验、方差分析等方法来检验；相关效度可以使用皮尔逊相关系数、斯皮尔曼相关系数等方法进行检验。这些方法可以帮助评估量表的不同效度。"
36,ADF的滞后项确定和在VAR模型中确定的滞后项意思是一样的吗？如何确定,"
[Human]: ADF的滞后项确定和在VAR模型中确定的滞后项意思是一样的吗？如何确定？
[AI]: ADF测试中的滞后项确定和VAR模型中确定的滞后项并不完全相同。在ADF测试中，通常使用信息准则（如AIC或BIC）来确定最佳的滞后阶数，该阶数被用于确定时间序列数据的稳定性。而在VAR模型中，滞后阶数通常是基于实际问题和数据特征来确定的，可以使用信息准则或者经验法则（如Akaike信息准则）来进行选择。因此，两者的滞后项确定方式略有不同。","
[Human]: ADF测试中的滞后项确定是基于什么准则来选择的？有哪些常用的信息准则可以参考？
[AI]: ADF测试中的滞后项确定通常是基于信息准则来选择的，常见的信息准则包括赤池信息准则(AIC)和贝叶斯信息准则(BIC)。这些准则会考虑模型的拟合优度和参数数量，并在此基础上选择最佳的滞后阶数，以确保ADF测试的准确性和稳健性。","
[Human]: 怎样确定VAR模型中的滞后项？有没有一种通用的方法来选择最佳的滞后阶数？
[AI]: 在VAR模型中确定滞后项的方法可以包括使用信息准则（如AIC、BIC）、格兰杰因果关系检验、以及观察数据的自相关性和偏自相关性。没有一种通用的方法来选择最佳的滞后阶数，通常需要综合考虑实际问题和数据特征来确定最佳的滞后项。"
37,我有面板数据，谁给操作一下。我主要要两种结果。一个是这个应该用随机效应还是固定效应的变系数变截距还是变参数模型等。二是操作结果。[attach]1856786[/attach]。奖励50论坛币,"[Human]:在面板数据分析中，如何选择随机效应和固定效应模型？另外，如何判断应该使用变系数、变截距或变参数模型？
[AI]:在选择面板数据分析模型时，需要考虑以下几个因素：
1. **随机效应 vs 固定效应：** 如果个体间存在未观测到的异质性，并且这种异质性与解释变量相关，则应该选择随机效应模型。如果不存在这种相关性，选择固定效应模型。
2. **变系数、变截距、变参数：** 选择模型时需要考虑你的数据是否表现出时间变化、交叉效应等特征。如果参数是随时间变化的，可以考虑使用变参数模型；如果参数与个体特征相关，则选择变截距或变系数模型。
对于操作结果，可以根据具体的研究问题和数据特征，选择适当的模型进行分析，并进行相关的推断和解释。","```
[Human]: 面板数据中，如何确定模型优劣，选择随机效应和固定效应模型的标准是什么？另外，对于给定的面板数据，如何决定使用变系数、变截距或变参数模型？
[AI]: 在确定模型优劣时，可以考虑以下几个标准：
1. 模型拟合优度：可以通过信息准则（如AIC、BIC）和拟合优度指标（如R平方）来评估模型的拟合优度。
2. 参数估计的稳健性：可以通过模型参数的显著性检验和置信区间来评估参数估计的稳健性。
3. 预测能力：可以通过模型的预测准确度来评估模型的预测能力。
在选择随机效应和固定效应模型时，可以根据个体特征与解释变量的相关性来进行判断。对于使用变系数、变截距或变参数模型，可以根据数据表现出的时间变化和交叉效应等特征进行决策。
```","```
[Human]: 面板数据分析中，如何根据具体研究问题和数据特征选择随机效应和固定效应模型？在面板数据中应用变系数、变截距或变参数模型时，需要考虑哪些因素？
[AI]: 在选择随机效应和固定效应模型时，可以考虑研究问题是否涉及个体异质性及其与解释变量的相关性。若存在相关性，则应优先考虑随机效应模型；若不存在相关性，则宜选择固定效应模型。
关于变系数、变截距或变参数模型的选择，需关注数据的时间变化、个体特征以及交叉效应等情况。根据这些特征，选择最适合数据特征的模型进行建模分析。
```"
38,"x,y,z的三变量的格兰杰检验怎么做？是对lnx,lny,lnz做？还是对差分后平稳的D（lnx），","[Human]:格兰杰检验的原假设和备择假设是什么？如何进行假设检验？
[AI]: 格兰杰因果检验是用来检验时间序列数据中是否存在因果关系的方法。其原假设是假设不存在因果关系，备择假设是存在因果关系。进行检验时，一般需要对原始变量进行差分处理，得到平稳序列，然后对差分后的序列进行回归分析，通过t检验或F检验来判断是否拒绝原假设。所以对lnx, lny, lnz做差分后才进行格兰杰因果检验。","```
[Human]: 我有一个三变量的时间序列数据，如何进行格兰杰因果检验？
[AI]: 格兰杰因果检验用于检验时间序列数据中变量之间是否存在因果关系。首先需要对原始变量进行差分处理，得到平稳序列，然后对差分后的序列进行回归分析，通过t检验或F检验来判断是否存在因果关系。所以对lnx, lny, lnz做差分后才进行格兰杰因果检验。
```","[Human]: 对于时间序列数据，格兰杰因果检验是否要求数据满足什么条件？
[AI]: 格兰杰因果检验通常要求时间序列数据是平稳的，并且要求误差项之间是独立同分布的。在进行检验之前，需要对数据进行平稳性检验，确保数据满足检验的前提条件。"
39,我想做DID，但是政策对每个个体的影响发生在不同时期，这样做DID能实现吗？有没有一个公式或者模型呢？,"
[Human]: 进行DID分析时，如果政策对每个个体的影响发生在不同时期，如何应用DID方法？是否有适合的公式或模型？
[AI]: 在这种情况下，你可以考虑使用动态面板数据模型，例如动态面板数据差分法（Difference-in-Differences with Panel Data）。这种方法可以帮助你处理政策影响在不同时期发生的情况，通过引入滞后效应和交互项来捕捉时间动态性。你可以使用该方法来实现你的DID分析，更好地评估政策的影响。","[Human]: 不同的DID方法有什么区别和适用场景？有没有一种方法可以适用于各种场景？
[AI]: 不同的DID方法包括静态DID、动态DID和多处理DID等。静态DID适用于政策影响持续稳定的情况，而动态DID适用于政策影响具有时间动态性的情况，多处理DID适用于多个政策同时实施的情况。对于各种不同的场景，可以根据具体的政策实施情况和数据特征选择合适的DID方法进行分析。没有一种方法可以适用于所有场景，需根据具体情况选择最适合的DID方法进行研究。","[Human]: 如何在DID分析中处理政策实施时间不同对每个个体影响的情况？
[AI]: 在处理政策实施时间不同对每个个体影响的情况时，可以考虑使用交互项和滞后效应来捕捉时间动态性。通过引入这些因素，可以更好地控制个体特征和时间因素，从而实现更准确的DID分析。"
40,三个时间序列协整检验，得出存在一个协整关系，但是格兰杰因果检验却得到没有因果。这说明什么啊？,"[Human]:静态和动态的时间序列协整检验分别适用于什么场景？它们各自有什么优势和限制？
[AI]:静态时间序列协整检验适用于在短期内不发生结构性变化的情况，而动态时间序列协整检验适用于长期内有结构性变化的情况。静态检验方法简单直观，但无法反映长期内结构性变化；而动态检验方法能更好地反映长期内的变化，但需要更多的数据和计算量。因此，在具体应用时需要根据时间序列的特点选择合适的协整检验方法。","[Human]: 格兰杰因果检验和时间序列协整检验的理论基础是什么？它们在时间序列分析中各自扮演什么样的角色？
[AI]: 格兰杰因果检验基于向量自回归模型，用于检验时间序列之间是否存在因果关系。而时间序列协整检验则用于检验多个非平稳时间序列之间是否存在稳定的长期均衡关系。两者在时间序列分析中分别用于确定因果关系和长期均衡关系，是时间序列分析中至关重要的工具。","[Human]: 格兰杰因果检验如何判断时间序列之间是否存在因果关系？是否存在其他方法可以用来验证格兰杰因果检验的结果？
[AI]: 格兰杰因果检验通过向量自回归模型中的因果关系检验来判断时间序列之间是否存在因果关系。除了格兰杰因果检验，还可以使用因果关系图和因果推断等方法来验证格兰杰因果检验的结果，以确保结果的可靠性。"
41,同一个VAR模型里，格兰杰因果检验与方差分解结果不一致，怎么解释？,"[Human]:在同一个VAR模型里，格兰杰因果检验与方差分解结果不一致，这种情况该如何解释呢？
[AI]:这种情况可以通过以下几个方面进行解释：
1. **概念差异：** 格兰杰因果检验和方差分解是两种不同的因果推断方法，可能产生不一致的结果。格兰杰因果检验主要关注时间序列变量之间的因果关系，而方差分解则是从解释方差变化的角度考察变量之间的影响。
2. **模型假设：** 不一致的结果可能源于 VAR 模型的假设条件未能完全符合。例如，格兰杰因果检验对序列平稳性的假设要求更为严格，如果序列不满足平稳性条件，可能导致检验结果不一致。
3. **样本特征：** 不一致的结果也可能与样本特征有关，包括样本时间跨度、样本量大小等因素。不同的样本特征可能导致格兰杰因果检验和方差分解对因果关系的判断产生差异。
在解释格兰杰因果检验与方差分解不一致的结果时，需要结合以上因素进行综合分析，以更好地理解模型结果。","[Human]:格兰杰因果检验和方差分解方法在VAR模型中的应用有哪些异同点？
[AI]:在VAR模型中，格兰杰因果检验和方差分解方法各有其独特的应用和作用：
1. 格兰杰因果检验主要用于判断时间序列变量之间的因果关系，可以帮助我们确定变量之间的因果方向，而方差分解则通过分解变量之间的方差变化来量化各变量对系统波动的贡献程度。
2. 格兰杰因果检验更加侧重于变量之间的因果关系，它可以用来验证模型的因果关系假设，而方差分解则更加注重于解释变量之间的波动传递关系，可以帮助我们理解系统内部的动态变化过程。
3. 在实际应用中，格兰杰因果检验可以帮助我们验证理论假设或者政策效果等因果性问题，而方差分解可以帮助我们分析系统内部变量之间的相互影响和传导路径。

总的来说，格兰杰因果检验和方差分解方法在VAR模型中有着不同的应用目的和解释角度，需要根据具体研究问题来选择合适的方法进行分析。","[Human]:VAR模型的残差平稳性检验有哪些方法？它们的原理和适用条件有何异同？
[AI]:VAR模型的残差平稳性检验有几种常见方法，包括ADF检验、PP检验、KPSS检验等。它们的原理和适用条件各有不同：
1. ADF检验（单位根检验）：主要用于检验序列的单位根特性，判断序列是否平稳。适用于检验时间序列的平稳性，并且适用于有趋势和随机游走的序列。
2. PP检验（Phillips-Perron检验）：也是用于单位根的检验方法，与ADF检验类似。它对序列的趋势和自相关性具有更强的鲁棒性，适用于小样本序列。
3. KPSS检验（Kwiatkowski-Phillips-Schmidt-Shin检验）：与ADF检验和PP检验相反，KPSS检验是检验序列是否具有单位根特性，即是否非平稳。适用于检验序列的非平稳特性。

这些方法的选择应取决于样本序列的特征、数据类型以及研究问题的具体背景。在实际应用中，可以根据序列的特点和研究目的选择合适的残差平稳性检验方法。"
42,请问eviews如何做bootstrap抽样1000次，最后格兰杰因果检验？,"[Human]: 如何在 Eviews 中进行 1000 次 bootstrap 抽样，并进行格兰杰因果检验？
[AI]: 在 Eviews 中进行 1000 次 bootstrap 抽样并进行格兰杰因果检验，你可以按照以下步骤操作：
1. 首先，通过 Eviews 中的命令或菜单找到 bootstrap 选项，并设置抽样次数为 1000 次。
2. 确保你的数据符合进行格兰杰因果检验的要求，包括满足因果关系条件和相关的时间序列性质等。
3. 在完成 bootstrap 抽样后，使用格兰杰因果检验的命令或选项，对抽样得到的数据进行因果关系检验。
4. 最后，根据检验结果进行分析和结论的推断。
以上是在 Eviews 中进行 1000 次 bootstrap 抽样和格兰杰因果检验的大致步骤。","""""""
[Human]: 1000次bootstrap抽样会对结果产生什么影响？如何确定抽样次数的合适性？
[AI]: 1000次bootstrap抽样会增加结果的稳健性和可信度，能够更好地反映总体特征。确定抽样次数的合适性可以通过观察结果的稳定性和收敛性来评估，通常可以进行敏感性分析和尝试不同的抽样次数来选择最合适的样本量。
""""""","[Human]: 在进行格兰杰因果检验时，如何确定选择适当的 lag 阶数？
[AI]: 在进行格兰杰因果检验时，可以通过信息准则（如 AIC、BIC）或者 Lagrange Multiplier Test 等方法来确定适当的 lag 阶数，以确保模型的准确性和有效性。"
43,我想要做多项分类Logistic回归，那我在回归之前是不是得先做相关分析，如果做，改用什么方法做呢？请大神指点,"[Human]:在进行多项分类Logistic回归之前，是否需要先进行相关分析？如果需要，应该使用什么方法？
[AI]:在进行多项分类Logistic回归之前，可以考虑进行相关分析。你可以使用相关系数矩阵或者散点图矩阵来初步了解各个自变量之间的相关性。另外，也可以使用方差膨胀因子（VIF）来检测多重共线性。这些方法可以帮助你在回归之前对数据进行更深入的了解和分析。","[Human]: 在进行多项分类Logistic回归时，如何确定哪些自变量可以放入模型中进行分析？
[AI]: 在确定哪些自变量可以放入多项分类Logistic回归模型进行分析时，可以考虑使用特征选择方法，如逐步回归（stepwise regression）、Lasso回归（L1正则化）、Ridge回归（L2正则化）等。这些方法可以帮助筛选出对因变量有重要影响的自变量，并提高模型的预测性能。","
[Human]:在进行多项分类Logistic回归时，如何评价模型的拟合优度？
[AI]: 在评价多项分类Logistic回归模型的拟合优度时，可以使用一些指标，比如对数似然值（log-likelihood）、AIC（赤池信息准则）、BIC（贝叶斯信息准则）、以及各类分类准确率等。这些指标可以帮助你了解模型的拟合程度和预测性能，从而做出合适的模型选择和解释。"
44,如何进行多变量正态分布检验？\r\n看文献很多人通过Mardia提出的标准化系数，得到样本多变量峰度值以及关键比率值，从而判断多变量是否符合正态分布。我想请教各位大神，这是怎么做的，用SPSS可以吗？下一步想进行结构方程模型！,"[Human]: 多变量正态分布检验是如何进行的？Mardia提出的标准化系数如何得到样本多变量峰度值和关键比率值？SPSS能够进行这个检验吗？
[AI]: 进行多变量正态分布检验时，可以使用Mardia多变量峰度指标来进行评估。这一方法需要计算标准化系数，然后根据计算结果得到样本多变量峰度值和关键比率值，进而判断多变量是否符合正态分布。SPSS可以进行这一检验，通过计算相关统计量来得到结果。如果你想进行结构方程模型，确保数据满足多变量正态分布是非常重要的。","[Human]: 请问，Mardia提出的标准化系数是如何计算的？还有，除了SPSS，其他统计软件也能进行多变量正态分布检验吗？
[AI]: Mardia提出的标准化系数需要通过计算样本的多变量峰度和偏度来得到，进而进行标准化计算得到标准化系数。除了SPSS，其他统计软件如R、SAS等也可以进行多变量正态分布检验，只要能够计算多变量峰度和偏度的统计软件都可以进行这一检验。","[Human]: 如何确定多变量正态分布检验的阈值呢？在进行多变量正态分布检验时，应该如何解释得到的结果？
[AI]: 在进行多变量正态分布检验时，可以使用Mardia多变量峰度指标的阈值来进行判定，一般来说，大于2或3可能表明数据不符合多变量正态分布。当得到结果后，可以根据样本多变量峰度值和关键比率值进行解释，判断数据是否符合正态分布的假设。"
45,请问DCC-MGARCH模型的步骤是什么？恳请好心人解答一下\r\n我自己摸索的是先对变量检查平稳性 再检查是否存在ARCH效应 下面就有点混乱了 是要做出GARCH(1，1)模型再DCC还是直接检查完ARCH效应就可以DCC了？我是用STATA做的,"[Human]: DCC-MGARCH模型的步骤是什么？
[AI]: DCC-MGARCH模型的步骤通常包括以下几个部分：
1. **检查数据的平稳性：** 首先需要对变量进行平稳性检验，以确保时间序列数据的稳定性。
2. **检查是否存在ARCH效应：** 接着需要检查数据中是否存在ARCH效应，即条件异方差。可以使用ARCH检验或Ljung-Box检验来进行检查。
3. **建立GARCH模型：** 如果存在ARCH效应，需要构建GARCH模型对条件异方差进行建模，通常可以选择GARCH(1,1)模型。
4. **构建DCC模型：** 在完成GARCH模型后，可以进行DCC模型的构建，并对相关系数进行估计。
在使用STATA进行时序数据分析时，你可以通过相关的命令和函数来实现以上步骤，以获得DCC-MGARCH模型的估计和检验结果。","[Human]: 那么如果数据不符合正态分布，是否可以使用PROBIT模型或LOGISTIC模型？
[AI]: 如果数据不符合正态分布，可以考虑使用 LOGISTIC 模型，因为它假设随机变量服从逻辑分布，不要求数据符合正态分布，更具有鲁棒性。相比之下，PROBIT 模型假设正态分布，对数据要求更严格，如果数据不符合正态分布，可能会导致估计结果不准确。","[Human]: 请问在进行DCC-MGARCH模型建模时，如何确定模型的参数？
[AI]: 在进行DCC-MGARCH模型建模时，可以使用最大似然估计或贝叶斯估计等方法来确定模型的参数，以获得最符合数据特征的参数。具体而言，可以考虑使用STATA中的相关函数或命令来进行参数估计，并结合模型拟合度进行模型选择和调优。"
46,求助：均值溢出效应可以用误差修正（VECM）模型吗？,"
[Human]:均值溢出效应如何影响时间序列数据的分析结果？
[AI]:均值溢出效应通常指的是因果效应被解释变量的均值所掩盖的情况。在时间序列数据中，均值溢出效应可能导致模型结果失真，误差修正（VECM）模型可以帮助解决这个问题。VECM 模型可以对变量之间的长期均衡关系进行建模，从而更准确地捕捉均值溢出效应对时间序列数据的影响。","
[Human]:误差修正（VECM）模型和协整合模型（ECM）有什么区别？
[AI]: 误差修正（VECM）模型和协整合模型（ECM）都是用于分析时间序列数据中长期均衡关系的模型，它们之间的区别在于：
1. VECM 模型是一个动态模型，考虑了变量之间的短期调整过程，而 ECM 是 VECM 的简化版本，只考虑了长期均衡关系的调整过程。
2. 在 VECM 模型中，变量之间的关系是可以相互影响的，而在 ECM 模型中，只有一个自变量对因变量的影响，没有因变量对自变量的影响。
3. VECM 模型可以捕捉因变量对自变量的反馈效应，而 ECM 模型则不包括这一部分信息。
综上所述，VECM 模型相对于 ECM 模型更加全面地反映了时间序列数据中变量之间的长期均衡关系。","
[Human]: VECM 模型是否适用于非平稳时间序列数据分析？
[AI]: VECM 模型通常用于分析非平稳时间序列数据，因为它可以捕捉变量之间的长期均衡关系，并且对非平稳数据的协整关系进行建模。在使用 VECM 模型时，可以通过对残差序列进行单位根检验来验证模型的适用性，以确保模型对非平稳时间序列数据的分析准确性。"
47,做毕业论文遇到问题了，求大神们帮帮忙，SPSS怎么对异方差进行修正？,"
[Human]: 在统计学中，异方差如何影响回归模型的结果？修正异方差的方法有哪些？
[AI]: 异方差会导致回归系数估计的不准确性，影响模型的有效性和准确性。修正异方差的方法包括加权最小二乘法（WLS）、异方差稳健标准误（Heteroscedasticity-Robust Standard Errors）和异方差稳健回归（Heteroscedasticity-Robust Regression）。选择合适的方法需考虑样本量、数据分布和模型假设等因素。","[Human]: 我听说还有White检验可以用来检验异方差，这种方法和修正异方差的方法有什么区别吗？
[AI]: White检验用于异方差性的检验，而不是直接用于修正异方差。它会检验模型的残差项是否存在异方差性，如果存在异方差，可以根据White检验的结果选择适当的异方差修正方法进行修正。在实际操作中，通常会先进行White检验，再根据检验结果选择合适的修正方法来处理异方差。","[Human]: 除了异方差，是否还有其他常见的回归模型假设违反问题需要进行修正？
[AI]: 是的，除了异方差之外，还有共线性、自相关和残差分布非正态等常见的回归模型假设违反问题需要进行修正。针对不同的问题，需要选择合适的方法进行修正，以确保回归模型的可靠性和准确性。"
48,spss 中皮尔森系数与斯皮尔曼系数的区别？\r\n同样的数据算出的结果并不一样，如何选取？,"
```
[Human]: 皮尔森系数和斯皮尔曼系数在SPSS中有什么区别？在选择使用时应该考虑哪些因素？
[AI]: 皮尔森系数和斯皮尔曼系数在SPSS中的区别主要在于对数据类型的要求和对变量关系的敏感度。皮尔森系数适用于连续变量且要求线性关系，而斯皮尔曼系数则更适用于有序变量或非线性关系。在选择使用时，应该根据数据类型和变量之间的关系来合理选择，确保结果的准确性。
```","```
[Human]: 在SPSS中计算出的相同数据使用皮尔森系数和斯皮尔曼系数算出的结果并不一样，该如何选择使用？
[AI]: 当相同数据使用皮尔森系数和斯皮尔曼系数算出的结果不一样时，可以考虑以下几点进行选择：
1. 数据类型和变量关系：首先要考虑数据的类型和变量间的关系，如果数据是连续的且呈线性关系，可以选择使用皮尔森系数；如果数据是有序的或呈非线性关系，则可以考虑使用斯皮尔曼系数。
2. 异常值和分布形态：其次，也需要考虑数据中是否存在异常值以及变量的分布形态，在某些情况下，数据的异常值和分布形态可能会影响两种系数的计算结果。
3. 研究问题和目的：最后，选择使用的系数也应该根据具体的研究问题和目的来确定，确保选择的系数能够更好地回答研究问题。
综合考虑以上因素，可以更合理地选择使用皮尔森系数还是斯皮尔曼系数。
```","```
[Human]: 皮尔森系数和斯皮尔曼系数分别适用于怎样的数据类型？它们分别有什么特点？
[AI]: 皮尔森系数适用于连续变量且要求线性关系，通过衡量两个变量之间的线性相关性来反映它们之间的关联程度。斯皮尔曼系数适用于有序变量或非线性关系，它通过对变量的秩次进行比较，来反映两个变量之间的单调关系，更适用于在连续性数据不满足要求时的情况。选择适用的系数需要根据具体数据类型和变量之间的关系来决定。
```"
49,请教各位高手！经过广义差分处理之后做回归，然后趋势外推得到的新的回归系数，怎么才能使用这些回归系数预测因变量？本人实在找不出如何代入的方法。本人觉得应该不会是点代入这样吧！因为是一组数据。请大家不吝赐教啊！感激万分,"
[Human]:广义差分处理之后，得到的新回归系数如何用于预测因变量？
[AI]: 广义差分处理后得到的新回归系数可以通过以下步骤用于预测因变量：
1. **回归方程重构：** 需要利用广义差分处理后的回归方程，将新的回归系数代入到方程中，得到更新后的回归方程。
2. **因变量预测：** 将更新后的回归方程代入新的自变量数值，就可以预测得到因变量的数值。
这样就能利用广义差分处理得到的新回归系数进行因变量的预测。如果还有其他疑问，请随时提出。","[Human]: 广义差分处理后的回归系数的可靠性如何评估？是否需要考虑残差的影响？
[AI]: 广义差分处理后的回归系数的可靠性可以通过以下几个步骤进行评估：
1. **残差分析：** 对广义差分处理后的回归模型进行残差分析，检验残差是否符合正态分布、是否存在异方差等情况，以评估模型的拟合效果和可靠性。
2. **假设检验：** 可以进行回归系数的假设检验，如 t 检验或 F 检验，来评估回归系数的显著性和可靠性。
3. **置信区间：** 通过计算回归系数的置信区间，来评估回归系数估计的不确定性范围。
同时，也需要考虑残差对回归系数的影响，特别是在广义差分处理后，残差的特性可能对回归系数的稳健性产生影响，需要进行相应的检验和分析。
希望以上信息能帮助到您，如果还有其他问题，请随时提出。","[Human]:广义差分处理后的回归系数是否会受到外部因素的影响？如果会，如何进行控制？
[AI]:广义差分处理后的回归系数可能会受到外部因素的影响，为了进行控制，您可以考虑以下几点：
1. **变量筛选：** 在进行回归分析前，需要进行变量筛选，排除对结果产生干扰的外部因素。
2. **控制变量法：** 在分析过程中，通过控制变量法来控制外部因素的影响，确保回归系数的准确性。
3. **交互作用项：** 如果存在外部因素与自变量之间的交互作用，可以引入交互作用项进行控制。
4. **外部因素检验：** 对可能影响回归结果的外部因素进行检验，确保回归分析的可靠性和准确性。
通过以上方法，您可以在一定程度上控制外部因素对广义差分处理后的回归系数的影响。希望能解答您的疑惑，如有其他问题，请随时提出。"
50,请问高手，pearson相关性检中自变量和因变量之间没有相关关系，相关系数不显著，但是多元回归中系数显著，这样可以得出自变量与因变量显著相关吗？合理吗？相关系数不显著还有必要进行多元回归吗？,"[Human]:在pearson相关性检中，如果自变量和因变量之间没有相关关系，相关系数不显著，但是在多元回归中系数显著，这样可以得出自变量与因变量显著相关吗？合理吗？相关系数不显著还有必要进行多元回归吗？
[AI]:在这种情况下，即使pearson相关性检中的相关系数不显著，但在多元回归中系数显著，也不能得出自变量与因变量显著相关的结论。因为两者衡量的是不同的关联方式，pearson相关性检测变量之间的线性关系，而多元回归检测的是自变量对因变量的条件均值影响。在相关系数不显著的情况下进行多元回归分析仍然是有必要的，因为多元回归还可以从更多因素的角度来分析因变量的变化情况。","[Human]: 那么在多元回归中，如何判断自变量对因变量的影响是否显著呢？
[AI]: 在多元回归中，可以通过检验自变量的系数估计与其标准误的比值（t值）来判断其对因变量的影响是否显著。通常情况下，t值的绝对值大于2即可认为系数是显著的。另外，还可以通过F检验来判断整体模型的显著性，从而判断自变量整体对因变量的影响是否显著。","[Human]: 那么在多元回归中，如果各自变量之间存在共线性，会对显著性检验造成影响吗？
[AI]: 是的，如果自变量之间存在共线性，则可能对显著性检验造成影响。共线性可能导致系数估计不准确，使得t值偏小，降低了自变量的显著性。因此，在进行多元回归分析时，需要事先对自变量之间的共线性进行检验和处理，以确保结果的准确性和可靠性。"
